id,title,description,image,location,type,startDate,endDate,registrationDeadline,duration,activityDetails,cost,website,travelTime,googleMapLink,lgbtqFriendly,tags,lastUpdated,category,eventType,neighborhood,season,priceRange,source
1,Toronto Island Park Exploration,"Escape the city bustle with a ferry ride to Toronto Islands. Enjoy beaches, walking trails, Centreville Amusement Park, and stunning city views.",https://source.unsplash.com/random/?Toronto%20Island%20Park%20Exploration,88,3,2025-05-01,2025-09-30,,varies,"Escape the city bustle with a ferry ride to Toronto Islands. Enjoy beaches, walking trails, Centreville Amusement Park, and stunning city views.",5,https://www.toronto.ca/explore-enjoy/parks-gardens-beaches/toronto-island-park/,,,false,"must-not-miss,outdoor,family-friendly",2025-05-28T14:52:12.941Z,3,activity,Toronto Islands,year-round,varies,activity
2,High Park Cherry Blossoms,Experience the magical spring cherry blossom season in Toronto's largest public park. Best viewed in late April to early May.,https://source.unsplash.com/random/?High%20Park%20Cherry%20Blossoms,89,3,2025-04-20,2025-05-10,,varies,Experience the magical spring cherry blossom season in Toronto's largest public park. Best viewed in late April to early May.,1,https://www.toronto.ca/explore-enjoy/parks-gardens-beaches/high-park/,,,false,"seasonal,outdoor,photography,free",2025-05-28T14:52:12.941Z,3,activity,High Park,year-round,varies,activity
3,Art Gallery of Ontario,Explore one of North America's largest art museums featuring an extensive collection of Canadian art and regular international exhibitions.,https://source.unsplash.com/random/?Art%20Gallery%20of%20Ontario,98,1,2025-01-01,2025-12-31,,varies,Explore one of North America's largest art museums featuring an extensive collection of Canadian art and regular international exhibitions.,2,https://ago.ca,,,false,"art,culture,indoor,rainy-day",2025-05-28T14:52:12.941Z,1,activity,Downtown Toronto,year-round,varies,activity
4,St. Lawrence Market Food Tour,"Discover Toronto's historic market featuring over 120 vendors selling fresh food, prepared meals, and unique local products.",https://source.unsplash.com/random/?St.%20Lawrence%20Market%20Food%20Tour,120,2,2025-01-01,2025-12-31,,varies,"Discover Toronto's historic market featuring over 120 vendors selling fresh food, prepared meals, and unique local products.",2,https://www.stlawrencemarket.com,,,false,"food,history,indoor,guided-tour",2025-05-28T14:52:12.941Z,2,activity,St. Lawrence,year-round,varies,activity
5,Kensington Market Walking Tour,"Explore Toronto's most diverse and eclectic neighborhood known for its international food scene, vintage shops, and street art.",https://source.unsplash.com/random/?Kensington%20Market%20Walking%20Tour,123,8,2025-01-01,2025-12-31,,varies,"Explore Toronto's most diverse and eclectic neighborhood known for its international food scene, vintage shops, and street art.",1,https://www.toronto.ca/explore-enjoy/history-art-culture/museums/kensington-market/,,,false,"culture,food,walking,free",2025-05-28T14:52:12.941Z,8,activity,Kensington Market,year-round,varies,activity
6,CN Tower EdgeWalk,Experience the world's highest hands-free walk on a 5 ft wide ledge encircling the top of the CN Tower's main pod.,https://source.unsplash.com/random/?CN%20Tower%20EdgeWalk,145,4,2025-05-01,2025-10-31,,varies,Experience the world's highest hands-free walk on a 5 ft wide ledge encircling the top of the CN Tower's main pod.,3,https://www.cntower.ca/en-ca/plan-your-visit/attractions/edgewalk.html,,,false,"adventure,thrill,outdoor,unique",2025-05-28T14:52:12.941Z,4,activity,Entertainment District,year-round,varies,activity
7,Royal Ontario Museum,"Discover world culture and natural history through extensive collections of dinosaurs, minerals, and international artifacts.",https://source.unsplash.com/random/?Royal%20Ontario%20Museum,136,1,2025-01-01,2025-12-31,,varies,"Discover world culture and natural history through extensive collections of dinosaurs, minerals, and international artifacts.",2,https://www.rom.on.ca,,,false,"museum,education,indoor,family-friendly",2025-05-28T14:52:12.941Z,1,activity,Yorkville,year-round,varies,activity
8,Distillery District Art Galleries,"Wander through the historic Victorian industrial architecture while exploring art galleries, boutiques, and cafes.",https://source.unsplash.com/random/?Distillery%20District%20Art%20Galleries,119,1,2025-01-01,2025-12-31,,varies,"Wander through the historic Victorian industrial architecture while exploring art galleries, boutiques, and cafes.",1,https://www.thedistillerydistrict.com,,,false,"art,history,walking,free",2025-05-28T14:52:12.941Z,1,activity,Distillery District,year-round,varies,activity
9,Toronto Waterfront Trail Cycling,Bike along the Martin Goodman Trail offering stunning lake views and connecting multiple waterfront parks and beaches.,https://source.unsplash.com/random/?Toronto%20Waterfront%20Trail%20Cycling,111,3,2025-04-01,2025-10-31,,varies,Bike along the Martin Goodman Trail offering stunning lake views and connecting multiple waterfront parks and beaches.,1,https://waterfronttrail.org,,,false,"cycling,outdoor,active,free",2025-05-28T14:52:12.941Z,3,activity,Waterfront,year-round,varies,activity
10,Yorkville Shopping Experience,"Explore Toronto's most upscale shopping district featuring luxury brands, boutiques, and art galleries.",https://source.unsplash.com/random/?Yorkville%20Shopping%20Experience,93,6,2025-01-01,2025-12-31,,varies,"Explore Toronto's most upscale shopping district featuring luxury brands, boutiques, and art galleries.",3,https://bloor-yorkville.com,,,false,"shopping,luxury,fashion",2025-05-28T14:52:12.941Z,6,activity,Yorkville,year-round,varies,activity
11,Hockey Hall of Fame,Celebrate Canada's national sport at this historic site featuring interactive exhibits and the Stanley Cup.,https://source.unsplash.com/random/?Hockey%20Hall%20of%20Fame,152,5,2025-01-01,2025-12-31,,varies,Celebrate Canada's national sport at this historic site featuring interactive exhibits and the Stanley Cup.,2,https://www.hhof.com,,,false,"sports,history,indoor,family-friendly",2025-05-28T14:52:12.941Z,5,activity,Financial District,year-round,varies,activity
12,Graffiti Alley Tour,Discover Toronto's street art scene in this kilometer-long alley featuring colorful murals and urban art.,https://source.unsplash.com/random/?Graffiti%20Alley%20Tour,134,8,2025-01-01,2025-12-31,,varies,Discover Toronto's street art scene in this kilometer-long alley featuring colorful murals and urban art.,1,https://www.toronto.ca/explore-enjoy/history-art-culture/street-art/,,,false,"art,culture,walking,photography,free",2025-05-28T14:52:12.941Z,8,activity,Queen West,year-round,varies,activity
13,Casa Loma Castle,"Explore Toronto's majestic castle featuring Gothic Revival architecture, beautiful gardens, and seasonal events.",https://source.unsplash.com/random/?Casa%20Loma%20Castle,92,1,2025-01-01,2025-12-31,,varies,"Explore Toronto's majestic castle featuring Gothic Revival architecture, beautiful gardens, and seasonal events.",2,https://casaloma.ca,,,false,"history,architecture,garden,family-friendly",2025-05-28T14:52:12.941Z,1,activity,Casa Loma,year-round,varies,activity
14,Toronto Harbourfront Centre,"Visit this cultural hub offering year-round programming including festivals, exhibitions, and performances.",https://source.unsplash.com/random/?Toronto%20Harbourfront%20Centre,142,1,2025-01-01,2025-12-31,,varies,"Visit this cultural hub offering year-round programming including festivals, exhibitions, and performances.",1,https://www.harbourfrontcentre.com,,,false,"culture,events,waterfront,free",2025-05-28T14:52:12.941Z,1,activity,Harbourfront,year-round,varies,activity
15,Rogers Centre Baseball Game,Watch the Toronto Blue Jays play in this iconic stadium with a retractable roof.,https://source.unsplash.com/random/?Rogers%20Centre%20Baseball%20Game,164,5,2025-04-01,2025-09-30,,varies,Watch the Toronto Blue Jays play in this iconic stadium with a retractable roof.,6,https://www.mlb.com/bluejays,,,false,"sports,entertainment,family-friendly",2025-05-28T14:52:12.941Z,5,activity,Entertainment District,year-round,varies,activity
16,Allan Gardens Conservatory,Explore this historic botanical garden featuring six greenhouses with tropical plants and seasonal flower shows.,https://source.unsplash.com/random/?Allan%20Gardens%20Conservatory,127,3,2025-01-01,2025-12-31,,varies,Explore this historic botanical garden featuring six greenhouses with tropical plants and seasonal flower shows.,1,https://www.toronto.ca/explore-enjoy/parks-gardens-beaches/gardens-and-horticulture/conservatories/allan-gardens-conservatory/,,,false,"nature,garden,indoor,free",2025-05-28T14:52:12.941Z,3,activity,Garden District,year-round,varies,activity
17,Scotiabank Arena Event,"Catch a Maple Leafs hockey game, Raptors basketball game, or major concert at Toronto's premier sports and entertainment venue.",https://source.unsplash.com/random/?Scotiabank%20Arena%20Event,165,4,2025-01-01,2025-12-31,,varies,"Catch a Maple Leafs hockey game, Raptors basketball game, or major concert at Toronto's premier sports and entertainment venue.",3,https://www.scotiabankarena.com,,,false,"sports,entertainment,indoor",2025-05-28T14:52:12.941Z,4,activity,Entertainment District,year-round,varies,activity
18,Toronto Botanical Garden,Discover 17 themed gardens spanning nearly four acres with free admission and guided tours available.,https://source.unsplash.com/random/?Toronto%20Botanical%20Garden,121,3,2025-04-01,2025-10-31,,varies,Discover 17 themed gardens spanning nearly four acres with free admission and guided tours available.,1,https://torontobotanicalgarden.ca,,,false,"nature,garden,outdoor,free",2025-05-28T14:52:12.941Z,3,activity,North York,year-round,varies,activity
19,The Second City Comedy Show,Experience live improv and sketch comedy at this legendary comedy club that launched many famous careers.,https://source.unsplash.com/random/?The%20Second%20City%20Comedy%20Show,96,4,2025-01-01,2025-12-31,,varies,Experience live improv and sketch comedy at this legendary comedy club that launched many famous careers.,5,https://www.secondcity.com/toronto,,,false,"comedy,entertainment,nightlife",2025-05-28T14:52:12.941Z,4,activity,Entertainment District,year-round,varies,activity
20,Bata Shoe Museum,Explore the world's largest collection of shoes and footwear-related artifacts in this unique museum.,https://source.unsplash.com/random/?Bata%20Shoe%20Museum,166,1,2025-01-01,2025-12-31,,varies,Explore the world's largest collection of shoes and footwear-related artifacts in this unique museum.,2,https://batashoemuseum.ca,,,false,"museum,fashion,unique,indoor",2025-05-28T14:52:12.941Z,1,activity,Yorkville,year-round,varies,activity
21,Old Montreal Walking Tour,"Discover the historic heart of Montreal with its cobblestone streets, historic architecture, and charming cafes.",https://source.unsplash.com/random/?Old%20Montreal%20Walking%20Tour,201,8,2025-01-01,2025-12-31,,varies,"Discover the historic heart of Montreal with its cobblestone streets, historic architecture, and charming cafes.",5,https://www.vieuxmontreal.ca,,,false,"history,walking,guided-tour",2025-05-28T14:52:12.941Z,8,activity,Old Montreal,year-round,varies,activity
22,Mount Royal Park Exploration,Hike to the summit of Montreal's iconic mountain for panoramic city views and explore its vast green spaces.,https://source.unsplash.com/random/?Mount%20Royal%20Park%20Exploration,202,3,2025-01-01,2025-12-31,,varies,Hike to the summit of Montreal's iconic mountain for panoramic city views and explore its vast green spaces.,1,https://www.lemontroyal.qc.ca,,,false,"outdoor,hiking,photography,free",2025-05-28T14:52:12.941Z,3,activity,Montreal,year-round,varies,activity
23,Montreal Museum of Fine Arts,Visit Canada's oldest art museum featuring an extensive collection of international and Canadian art.,https://source.unsplash.com/random/?Montreal%20Museum%20of%20Fine%20Arts,203,1,2025-01-01,2025-12-31,,varies,Visit Canada's oldest art museum featuring an extensive collection of international and Canadian art.,2,https://www.mbam.qc.ca,,,false,"art,culture,indoor,rainy-day",2025-05-28T14:52:12.941Z,1,activity,Montreal,year-round,varies,activity
24,Jean-Talon Market Visit,"Experience one of North America's largest open-air markets with local produce, flowers, and specialty foods.",https://source.unsplash.com/random/?Jean-Talon%20Market%20Visit,204,2,2025-01-01,2025-12-31,,varies,"Experience one of North America's largest open-air markets with local produce, flowers, and specialty foods.",1,https://www.marchespublics-mtl.com/en/marches/jean-talon-market/,,,false,"food,shopping,outdoor,local",2025-05-28T14:52:12.941Z,2,activity,Montreal,year-round,varies,activity
25,Gay Village Exploration,"Explore Montreal's vibrant LGBTQ+ neighborhood known for its restaurants, bars, and summer pedestrian street.",https://source.unsplash.com/random/?Gay%20Village%20Exploration,205,7,2025-05-01,2025-09-30,,varies,"Explore Montreal's vibrant LGBTQ+ neighborhood known for its restaurants, bars, and summer pedestrian street.",1,https://www.mtl.org/en/what-to-do/heritage-and-architecture/village-montreal,,,false,"nightlife,culture,walking,gay-friendly",2025-05-28T14:52:12.941Z,7,activity,Montreal,year-round,varies,activity
26,Notre-Dame Basilica Tour,Marvel at the stunning Gothic Revival architecture and intricate interior of this historic basilica.,https://source.unsplash.com/random/?Notre-Dame%20Basilica%20Tour,206,1,2025-01-01,2025-12-31,,varies,Marvel at the stunning Gothic Revival architecture and intricate interior of this historic basilica.,2,https://www.basiliquenotredame.ca/en,,,false,"architecture,history,indoor,guided-tour",2025-05-28T14:52:12.941Z,1,activity,Montreal,year-round,varies,activity
27,Plateau Mont-Royal Food Tour,Discover Montreal's culinary scene through its most creative neighborhood's restaurants and cafes.,https://source.unsplash.com/random/?Plateau%20Mont-Royal%20Food%20Tour,207,2,2025-01-01,2025-12-31,,varies,Discover Montreal's culinary scene through its most creative neighborhood's restaurants and cafes.,6,https://www.mtl.org/en/what-to-do/heritage-and-architecture/plateau-mont-royal-montreal,,,false,"food,walking,culture,guided-tour",2025-05-28T14:52:12.941Z,2,activity,Plateau Mont-Royal,year-round,varies,activity
28,Montreal Botanical Garden,"Explore 75 hectares of themed gardens, including the stunning Chinese and Japanese gardens.",https://source.unsplash.com/random/?Montreal%20Botanical%20Garden,208,3,2025-04-01,2025-10-31,,varies,"Explore 75 hectares of themed gardens, including the stunning Chinese and Japanese gardens.",2,https://espacepourlavie.ca/en/botanical-garden,,,false,"nature,garden,outdoor,family-friendly",2025-05-28T14:52:12.941Z,3,activity,Montreal,year-round,varies,activity
29,Biodome Experience,Journey through replicas of four ecosystems found in the Americas with diverse wildlife and plant species.,https://source.unsplash.com/random/?Biodome%20Experience,209,1,2025-01-01,2025-12-31,,varies,Journey through replicas of four ecosystems found in the Americas with diverse wildlife and plant species.,2,https://espacepourlavie.ca/en/biodome,,,false,"nature,science,indoor,family-friendly",2025-05-28T14:52:12.941Z,1,activity,Montreal,year-round,varies,activity
30,Mile End Food & Art Tour,"Experience Montreal's hippest neighborhood known for iconic bagel shops, cafes, and artist studios.",https://source.unsplash.com/random/?Mile%20End%20Food%20%26%20Art%20Tour,210,8,2025-01-01,2025-12-31,,varies,"Experience Montreal's hippest neighborhood known for iconic bagel shops, cafes, and artist studios.",6,https://www.mtl.org/en/what-to-do/heritage-and-architecture/mile-end-montreal,,,false,"food,art,walking,culture",2025-05-28T14:52:12.941Z,8,activity,Mile End,year-round,varies,activity
31,Ripley's Aquarium of Canada,"Immerse yourself in underwater galleries featuring over 20,000 aquatic animals and interactive exhibits.",https://source.unsplash.com/random/?Ripley's%20Aquarium%20of%20Canada,167,1,2025-01-01,2025-12-31,,varies,"Immerse yourself in underwater galleries featuring over 20,000 aquatic animals and interactive exhibits.",2,https://www.ripleyaquariums.com/canada,,,false,"aquarium,indoor,family-friendly",2025-05-28T14:52:12.941Z,1,activity,Entertainment District,year-round,varies,activity
32,Toronto Jazz Festival,Experience world-class jazz performances across various venues in the heart of downtown Toronto.,https://source.unsplash.com/random/?Toronto%20Jazz%20Festival,168,4,2025-06-20,2025-06-29,,varies,Experience world-class jazz performances across various venues in the heart of downtown Toronto.,4,https://torontojazz.com,,,false,"music,entertainment,culture,seasonal",2025-05-28T14:52:12.941Z,4,activity,Downtown Toronto,year-round,varies,activity
33,Evergreen Brick Works,"Visit this former quarry turned environmental center featuring farmers' markets, hiking trails, and sustainable initiatives.",https://source.unsplash.com/random/?Evergreen%20Brick%20Works,169,3,2025-01-01,2025-12-31,,varies,"Visit this former quarry turned environmental center featuring farmers' markets, hiking trails, and sustainable initiatives.",1,https://www.evergreen.ca/evergreen-brick-works,,,false,"nature,market,outdoor,eco-friendly",2025-05-28T14:52:12.941Z,3,activity,Don Valley,year-round,varies,activity
34,TIFF Bell Lightbox,Catch independent and international films at the home of the Toronto International Film Festival.,https://source.unsplash.com/random/?TIFF%20Bell%20Lightbox,170,4,2025-01-01,2025-12-31,,varies,Catch independent and international films at the home of the Toronto International Film Festival.,5,https://www.tiff.net,,,false,"film,culture,indoor,entertainment",2025-05-28T14:52:12.941Z,4,activity,Entertainment District,year-round,varies,activity
35,Ossington Strip Bar Crawl,Experience Toronto's trendiest bars and restaurants along this hip stretch of Ossington Avenue.,https://source.unsplash.com/random/?Ossington%20Strip%20Bar%20Crawl,171,7,2025-01-01,2025-12-31,,varies,Experience Toronto's trendiest bars and restaurants along this hip stretch of Ossington Avenue.,4,https://www.blogto.com/ossington,,,false,"nightlife,food,walking,social",2025-05-28T14:52:12.941Z,7,activity,Ossington Strip,year-round,varies,activity
36,Montreal Casino,"Try your luck at Quebec's largest casino, featuring gaming tables, slots, and entertainment in an architectural landmark.",https://source.unsplash.com/random/?Montreal%20Casino,211,4,2025-01-01,2025-12-31,,varies,"Try your luck at Quebec's largest casino, featuring gaming tables, slots, and entertainment in an architectural landmark.",1,https://casinos.lotoquebec.com/en/montreal,,,false,"gambling,entertainment,nightlife",2025-05-28T14:52:12.941Z,4,activity,Montreal,year-round,varies,activity
37,La Ronde Amusement Park,Enjoy thrilling rides and spectacular views at Montreal's premier amusement park on Saint Helen's Island.,https://source.unsplash.com/random/?La%20Ronde%20Amusement%20Park,212,4,2025-05-01,2025-10-31,,varies,Enjoy thrilling rides and spectacular views at Montreal's premier amusement park on Saint Helen's Island.,6,https://www.laronde.com,,,false,"thrill,outdoor,family-friendly,seasonal",2025-05-28T14:52:12.941Z,4,activity,Montreal,year-round,varies,activity
38,Atwater Market,"Visit this historic Art Deco market building filled with local vendors, fresh produce, and specialty food shops.",https://source.unsplash.com/random/?Atwater%20Market,213,2,2025-01-01,2025-12-31,,varies,"Visit this historic Art Deco market building filled with local vendors, fresh produce, and specialty food shops.",1,https://www.marchespublics-mtl.com/en/marches/atwater-market/,,,false,"food,shopping,indoor,local",2025-05-28T14:52:12.941Z,2,activity,Saint-Henri,year-round,varies,activity
39,Saint Joseph's Oratory,"Explore North America's largest church, offering breathtaking views and impressive architecture.",https://source.unsplash.com/random/?Saint%20Joseph's%20Oratory,214,1,2025-01-01,2025-12-31,,varies,"Explore North America's largest church, offering breathtaking views and impressive architecture.",1,https://www.saint-joseph.org,,,false,"architecture,spiritual,photography,free",2025-05-28T14:52:12.941Z,1,activity,Montreal,year-round,varies,activity
40,Underground City Shopping,"Navigate Montreal's famous underground pedestrian network connecting shopping malls, offices, and metro stations.",https://source.unsplash.com/random/?Underground%20City%20Shopping,215,6,2025-01-01,2025-12-31,,varies,"Navigate Montreal's famous underground pedestrian network connecting shopping malls, offices, and metro stations.",1,https://montrealundergroundcity.com,,,false,"shopping,indoor,unique,winter-activity",2025-05-28T14:52:12.941Z,6,activity,Downtown Montreal,year-round,varies,activity
41,Toronto Food Festival,"Celebrate Toronto's diverse culinary scene with food vendors, cooking demonstrations, and cultural performances.",https://source.unsplash.com/random/?Toronto%20Food%20Festival,172,2,2025-07-15,2025-07-21,,varies,"Celebrate Toronto's diverse culinary scene with food vendors, cooking demonstrations, and cultural performances.",4,https://www.toronto.ca/explore-enjoy/festivals-events/,,,false,"food,festival,outdoor,seasonal",2025-05-28T14:52:12.941Z,2,activity,Downtown Toronto,year-round,varies,activity
42,Montreal Jazz Festival,Experience the world's largest jazz festival with hundreds of performances across multiple venues.,https://source.unsplash.com/random/?Montreal%20Jazz%20Festival,216,4,2025-06-26,2025-07-05,,varies,Experience the world's largest jazz festival with hundreds of performances across multiple venues.,4,https://www.montrealjazzfest.com,,,false,"music,festival,outdoor,culture",2025-05-28T14:52:12.941Z,4,activity,Downtown Montreal,year-round,varies,activity
43,Toronto Night Market,"Explore an evening market featuring local artisans, street food, and live entertainment.",https://source.unsplash.com/random/?Toronto%20Night%20Market,173,2,2025-07-01,2025-09-30,,varies,"Explore an evening market featuring local artisans, street food, and live entertainment.",1,https://www.toronto.ca/explore-enjoy/festivals-events/night-markets/,,,false,"food,market,nightlife,culture",2025-05-28T14:52:12.941Z,2,activity,Downtown Toronto,year-round,varies,activity
44,Montreal Ice Skating,Glide across outdoor rinks in the heart of the city with stunning urban backdrops.,https://source.unsplash.com/random/?Montreal%20Ice%20Skating,217,3,2025-12-01,2026-03-15,,varies,Glide across outdoor rinks in the heart of the city with stunning urban backdrops.,5,https://www.mtl.org/en/what-to-do/activities/outdoor-skating-rinks-montreal,,,false,"winter,outdoor,active,seasonal",2025-05-28T14:52:12.941Z,3,activity,Downtown Montreal,year-round,varies,activity
45,Toronto Craft Beer Tour,Sample the city's best craft breweries while learning about the brewing process and history.,https://source.unsplash.com/random/?Toronto%20Craft%20Beer%20Tour,174,7,2025-01-01,2025-12-31,,varies,Sample the city's best craft breweries while learning about the brewing process and history.,6,https://www.torontocraftbrewtours.ca,,,false,"beer,guided-tour,nightlife,local",2025-05-28T14:52:12.941Z,7,activity,West Toronto,year-round,varies,activity
46,Toronto Escape Room Challenge,Test your problem-solving skills in one of Toronto's top-rated escape room experiences.,https://source.unsplash.com/random/?Toronto%20Escape%20Room%20Challenge,175,4,2025-01-01,2025-12-31,,varies,Test your problem-solving skills in one of Toronto's top-rated escape room experiences.,2,https://www.escapegames.ca,,,false,"indoor,puzzle,group-activity,entertainment",2025-05-28T14:52:12.941Z,4,activity,Downtown Toronto,year-round,varies,activity
47,Montreal Food Truck Festival,Sample diverse cuisines from Montreal's best food trucks at this popular outdoor event.,https://source.unsplash.com/random/?Montreal%20Food%20Truck%20Festival,218,2,2025-07-12,2025-07-14,,varies,Sample diverse cuisines from Montreal's best food trucks at this popular outdoor event.,1,https://www.firstfoodtruckfridays.com,,,false,"food,festival,outdoor,summer",2025-05-28T14:52:12.941Z,2,activity,Downtown Montreal,year-round,varies,activity
48,Toronto Sunset Sailing,Experience Toronto's skyline from the water with a relaxing evening sail on Lake Ontario.,https://source.unsplash.com/random/?Toronto%20Sunset%20Sailing,176,3,2025-05-01,2025-09-30,,varies,Experience Toronto's skyline from the water with a relaxing evening sail on Lake Ontario.,5,https://www.harbourfrontcentre.com/sailing,,,false,"water-activity,romantic,outdoor,sunset",2025-05-28T14:52:12.941Z,3,activity,Harbourfront,year-round,varies,activity
49,Montreal Ghost Tour,Discover the spooky side of Old Montreal with tales of haunted locations and historical mysteries.,https://source.unsplash.com/random/?Montreal%20Ghost%20Tour,219,8,2025-01-01,2025-12-31,,varies,Discover the spooky side of Old Montreal with tales of haunted locations and historical mysteries.,2,https://www.ghosttoursofmontreal.com,,,false,"ghost-tour,history,walking,nighttime",2025-05-28T14:52:12.941Z,8,activity,Old Montreal,year-round,varies,activity
50,Toronto Pottery Workshop,Learn the art of ceramics in a hands-on workshop with experienced local artists.,https://source.unsplash.com/random/?Toronto%20Pottery%20Workshop,177,1,2025-01-01,2025-12-31,,varies,Learn the art of ceramics in a hands-on workshop with experienced local artists.,3,https://www.gardinermuseum.on.ca/learn-create,,,false,"art,workshop,creative,indoor",2025-05-28T14:52:12.941Z,1,activity,Yorkville,year-round,varies,activity
51,Montreal Chocolate Making Class,Create your own artisanal chocolates while learning from master chocolatiers.,https://source.unsplash.com/random/?Montreal%20Chocolate%20Making%20Class,220,2,2025-01-01,2025-12-31,,varies,Create your own artisanal chocolates while learning from master chocolatiers.,4,https://www.chocolateacademymontreal.com,,,false,"food,workshop,indoor,hands-on",2025-05-28T14:52:12.941Z,2,activity,Downtown Montreal,year-round,varies,activity
52,Toronto Rock Climbing,Challenge yourself at one of Toronto's premier indoor climbing facilities.,https://source.unsplash.com/random/?Toronto%20Rock%20Climbing,178,3,2025-01-01,2025-12-31,,varies,Challenge yourself at one of Toronto's premier indoor climbing facilities.,2,https://www.joerockhead.com,,,false,"indoor-sports,active,fitness,adventure",2025-05-28T14:52:12.941Z,3,activity,Liberty Village,year-round,varies,activity
53,Montreal Street Art Workshop,Learn spray painting techniques from local artists in this hands-on street art experience.,https://source.unsplash.com/random/?Montreal%20Street%20Art%20Workshop,221,1,2025-05-01,2025-09-30,,varies,Learn spray painting techniques from local artists in this hands-on street art experience.,3,https://www.spadeandpalacio.com/tours/montreal-street-art,,,false,"art,workshop,creative,outdoor",2025-05-28T14:52:12.941Z,1,activity,Plateau Mont-Royal,year-round,varies,activity
54,Toronto Cooking Class,Master the art of international cuisine with expert chefs in a professional kitchen setting.,https://source.unsplash.com/random/?Toronto%20Cooking%20Class,179,2,2025-01-01,2025-12-31,,varies,Master the art of international cuisine with expert chefs in a professional kitchen setting.,4,https://www.dishcookingstudio.com,,,false,"cooking,workshop,food,hands-on",2025-05-28T14:52:12.941Z,2,activity,King West,year-round,varies,activity
55,Montreal Wine Tasting,Sample fine wines from Quebec and around the world with expert sommeliers.,https://source.unsplash.com/random/?Montreal%20Wine%20Tasting,222,7,2025-01-01,2025-12-31,,varies,Sample fine wines from Quebec and around the world with expert sommeliers.,5,https://www.mtlwinepros.com,,,false,"wine,tasting,indoor,educational",2025-05-28T14:52:12.941Z,7,activity,Downtown Montreal,year-round,varies,activity
56,Toronto Photography Tour,Capture the city's most photogenic locations with guidance from professional photographers.,https://source.unsplash.com/random/?Toronto%20Photography%20Tour,180,8,2025-04-01,2025-10-31,,varies,Capture the city's most photogenic locations with guidance from professional photographers.,3,https://www.torontophototours.com,,,false,"photography,walking,creative,outdoor",2025-05-28T14:52:12.941Z,8,activity,Downtown Toronto,year-round,varies,activity
57,Montreal Circus Workshop,Try aerial arts and acrobatics in a beginner-friendly circus skills class.,https://source.unsplash.com/random/?Montreal%20Circus%20Workshop,223,4,2025-01-01,2025-12-31,,varies,Try aerial arts and acrobatics in a beginner-friendly circus skills class.,4,https://www.ecolenationale.ca/en,,,false,"circus,workshop,active,unique",2025-05-28T14:52:12.941Z,4,activity,Saint-Michel,year-round,varies,activity
58,Toronto Kayaking Adventure,Paddle through the Toronto Islands and discover hidden lagoons and channels.,https://source.unsplash.com/random/?Toronto%20Kayaking%20Adventure,181,3,2025-05-01,2025-09-30,,varies,Paddle through the Toronto Islands and discover hidden lagoons and channels.,3,https://www.torontoislandkayaks.com,,,false,"water-sports,outdoor,active,adventure",2025-05-28T14:52:12.941Z,3,activity,Toronto Islands,year-round,varies,activity
59,Montreal Beer Festival,Taste craft beers from Quebec's best breweries at this annual celebration.,https://source.unsplash.com/random/?Montreal%20Beer%20Festival,224,7,2025-06-19,2025-06-23,,varies,Taste craft beers from Quebec's best breweries at this annual celebration.,4,https://www.festivalmondialbiere.qc.ca,,,false,"beer,festival,tasting,outdoor",2025-05-28T14:52:12.941Z,7,activity,Downtown Montreal,year-round,varies,activity
60,Toronto Silent Disco,Dance to your own beat at this unique headphone party experience.,https://source.unsplash.com/random/?Toronto%20Silent%20Disco,182,4,2025-01-01,2025-12-31,,varies,Dance to your own beat at this unique headphone party experience.,2,https://www.silentdiscoto.com,,,false,"nightlife,music,unique,indoor",2025-05-28T14:52:12.941Z,4,activity,Entertainment District,year-round,varies,activity
ac478953_titledescr,title|description|image|location|type|skillLevel|startDate|endDate|registrationDeadline|duration|activityDetails|cost|website|travelTime|googleMapLink|lgbtqFriendly|tags|Instagramhandle|tiktokhandle|othersociallinks|contactemailaddress,No description available,https://source.unsplash.com/random/?title%7Cdescription%7Cimage%7Clocation%7Ctype%7CskillLevel%7CstartDate%7CendDate%7CregistrationDeadline%7Cduration%7CactivityDetails%7Ccost%7Cwebsite%7CtravelTime%7CgoogleMapLink%7ClgbtqFriendly%7Ctags%7CInstagramhandle%7Ctiktokhandle%7Cothersociallinks%7Ccontactemailaddress,loc1,cat1,,,,varies,No description available,price1,#,,,false,Activity,2025-05-30T21:27:58.953Z,cat1,activity,,year-round,varies,activity
ac478953_unknown,Untitled,No description available,https://source.unsplash.com/random/?Untitled,loc1,cat1,,,,varies,No description available,price1,#,,,false,Activity,2025-05-30T21:27:58.953Z,cat1,activity,,year-round,varies,activity
ac478953_kensington,"Kensington Market Pedestrian Sundays (if continued in 2025)|Eclectic neighbourhood closes streets to cars on select Sundays, creating a vibrant street festival atmosphere.| |Kensington Market, Toronto|Community Event/Street Festival|All levels|Typically last Sunday of May-Oct (confirm 2025 schedule)| |N/A|Afternoon (e.g., 12 PM","7 PM)|Street performers, food vendors, artisan stalls, live music, car-free exploration of shops.|Free entry; cost of purchases| (Search ""Pedestrian Sundays Kensington Market"" or check kbia.ca for 2025 updates)|Kensington Market is central| | |street festival,community,market,kensington market,car free,summer,toronto|@kensingtonmarketbia (general BIA)| | |info@kbia.ca",https://source.unsplash.com/random/?Kensington%20Market%20Pedestrian%20Sundays%20(if%20continued%20in%202025)%7CEclectic%20neighbourhood%20closes%20streets%20to%20cars%20on%20select%20Sundays%2C%20creating%20a%20vibrant%20street%20festival%20atmosphere.%7C%20%7CKensington%20Market%2C%20Toronto%7CCommunity%20Event%2FStreet%20Festival%7CAll%20levels%7CTypically%20last%20Sunday%20of%20May-Oct%20(confirm%202025%20schedule)%7C%20%7CN%2FA%7CAfternoon%20(e.g.%2C%2012%20PM,loc1,cat1,,,,varies,"7 PM)|Street performers, food vendors, artisan stalls, live music, car-free exploration of shops.|Free entry; cost of purchases| (Search ""Pedestrian Sundays Kensington Market"" or check kbia.ca for 2025 updates)|Kensington Market is central| | |street festival,community,market,kensington market,car free,summer,toronto|@kensingtonmarketbia (general BIA)| | |info@kbia.ca",price1,#,,,false,Activity,2025-05-30T21:27:58.953Z,cat1,activity,,year-round,varies,activity
ac478953_unknown,Untitled,No description available,https://source.unsplash.com/random/?Untitled,loc1,cat1,,,,varies,No description available,price1,#,,,false,Activity,2025-05-30T21:27:58.953Z,cat1,activity,,year-round,varies,activity
ac478953_unknown,Untitled,No description available,https://source.unsplash.com/random/?Untitled,loc1,cat1,,,,varies,No description available,price1,#,,,false,Activity,2025-05-30T21:27:58.953Z,cat1,activity,,year-round,varies,activity
ac478953_unknown,Untitled,No description available,https://source.unsplash.com/random/?Untitled,loc1,cat1,,,,varies,No description available,price1,#,,,false,Activity,2025-05-30T21:27:58.953Z,cat1,activity,,year-round,varies,activity
ac478953_unknown,Untitled,No description available,https://source.unsplash.com/random/?Untitled,loc1,cat1,,,,varies,No description available,price1,#,,,false,Activity,2025-05-30T21:27:58.953Z,cat1,activity,,year-round,varies,activity
ac478953_unknown,Untitled,No description available,https://source.unsplash.com/random/?Untitled,loc1,cat1,,,,varies,No description available,price1,#,,,false,Activity,2025-05-30T21:27:58.953Z,cat1,activity,,year-round,varies,activity
ac478953_unknown,Untitled,No description available,https://source.unsplash.com/random/?Untitled,loc1,cat1,,,,varies,No description available,price1,#,,,false,Activity,2025-05-30T21:27:58.953Z,cat1,activity,,year-round,varies,activity
ac478953_unknown,Untitled,No description available,https://source.unsplash.com/random/?Untitled,loc1,cat1,,,,varies,No description available,price1,#,,,false,Activity,2025-05-30T21:27:58.953Z,cat1,activity,,year-round,varies,activity
ac478953_unknown,Untitled,No description available,https://source.unsplash.com/random/?Untitled,loc1,cat1,,,,varies,No description available,price1,#,,,false,Activity,2025-05-30T21:27:58.953Z,cat1,activity,,year-round,varies,activity
ac478953_unknown,Untitled,No description available,https://source.unsplash.com/random/?Untitled,loc1,cat1,,,,varies,No description available,price1,#,,,false,Activity,2025-05-30T21:27:58.953Z,cat1,activity,,year-round,varies,activity
ac478953_unknown,Untitled,No description available,https://source.unsplash.com/random/?Untitled,loc1,cat1,,,,varies,No description available,price1,#,,,false,Activity,2025-05-30T21:27:58.953Z,cat1,activity,,year-round,varies,activity
ac478953_unknown,Untitled,No description available,https://source.unsplash.com/random/?Untitled,loc1,cat1,,,,varies,No description available,price1,#,,,false,Activity,2025-05-30T21:27:58.953Z,cat1,activity,,year-round,varies,activity
ac478953_unknown,Untitled,No description available,https://source.unsplash.com/random/?Untitled,loc1,cat1,,,,varies,No description available,price1,#,,,false,Activity,2025-05-30T21:27:58.953Z,cat1,activity,,year-round,varies,activity
ac478953_unknown,Untitled,No description available,https://source.unsplash.com/random/?Untitled,loc1,cat1,,,,varies,No description available,price1,#,,,false,Activity,2025-05-30T21:27:58.953Z,cat1,activity,,year-round,varies,activity
ac478953_unknown,Untitled,No description available,https://source.unsplash.com/random/?Untitled,loc1,cat1,,,,varies,No description available,price1,#,,,false,Activity,2025-05-30T21:27:58.953Z,cat1,activity,,year-round,varies,activity
ac478953_outdoormov,"Outdoor Movies in Toronto Parks (e.g., Christie Pits Film Fest, Corktown Common, etc.)|Various parks host free outdoor movie screenings during summer evenings.| |Various parks (Christie Pits, Corktown Common, Trinity Bellwoods, etc.)|Community Event/Film/Entertainment|All levels|Typically June","August/September (check specific park/organizer schedules for 2025)| |N/A (free, often PWYC donations encouraged)|Evenings (at dusk)|Screenings of classic, cult, and contemporary films under the stars. Bring a blanket.|Free (donations welcome)|(Search ""Outdoor movies Toronto 2025"", ""Christie Pits Film Festival"", etc. for specific listings)|Various parks| | |outdoor movies,free movies,film screening,community event,summer,toronto| (Specific to each festival, e.g. @cpffest)| | | (Contact via specific festival websites)",https://source.unsplash.com/random/?Outdoor%20Movies%20in%20Toronto%20Parks%20(e.g.%2C%20Christie%20Pits%20Film%20Fest%2C%20Corktown%20Common%2C%20etc.)%7CVarious%20parks%20host%20free%20outdoor%20movie%20screenings%20during%20summer%20evenings.%7C%20%7CVarious%20parks%20(Christie%20Pits%2C%20Corktown%20Common%2C%20Trinity%20Bellwoods%2C%20etc.)%7CCommunity%20Event%2FFilm%2FEntertainment%7CAll%20levels%7CTypically%20June,loc1,cat1,,,,varies,"August/September (check specific park/organizer schedules for 2025)| |N/A (free, often PWYC donations encouraged)|Evenings (at dusk)|Screenings of classic, cult, and contemporary films under the stars. Bring a blanket.|Free (donations welcome)|(Search ""Outdoor movies Toronto 2025"", ""Christie Pits Film Festival"", etc. for specific listings)|Various parks| | |outdoor movies,free movies,film screening,community event,summer,toronto| (Specific to each festival, e.g. @cpffest)| | | (Contact via specific festival websites)",price1,#,,,false,Activity,2025-05-30T21:27:58.953Z,cat1,activity,,year-round,varies,activity
ac478953_unknown,Untitled,No description available,https://source.unsplash.com/random/?Untitled,loc1,cat1,,,,varies,No description available,price1,#,,,false,Activity,2025-05-30T21:27:58.953Z,cat1,activity,,year-round,varies,activity
ac478953_unknown,Untitled,No description available,https://source.unsplash.com/random/?Untitled,loc1,cat1,,,,varies,No description available,price1,#,,,false,Activity,2025-05-30T21:27:58.953Z,cat1,activity,,year-round,varies,activity
ac478953_unknown,Untitled,No description available,https://source.unsplash.com/random/?Untitled,loc1,cat1,,,,varies,No description available,price1,#,,,false,Activity,2025-05-30T21:27:58.953Z,cat1,activity,,year-round,varies,activity
ac478953_unknown,Untitled,No description available,https://source.unsplash.com/random/?Untitled,loc1,cat1,,,,varies,No description available,price1,#,,,false,Activity,2025-05-30T21:27:58.953Z,cat1,activity,,year-round,varies,activity
ac478953_unknown,Untitled,No description available,https://source.unsplash.com/random/?Untitled,loc1,cat1,,,,varies,No description available,price1,#,,,false,Activity,2025-05-30T21:27:58.953Z,cat1,activity,,year-round,varies,activity
ac478953_unknown,Untitled,No description available,https://source.unsplash.com/random/?Untitled,loc1,cat1,,,,varies,No description available,price1,#,,,false,Activity,2025-05-30T21:27:58.953Z,cat1,activity,,year-round,varies,activity
ac478953_waterfront,"Waterfront Artisan Market (WAM)|Open-air market at HTO Park featuring a curated selection of artisan crafts, food, and art.| |HTO Park, 339 Queens Quay W (check 2025 location/details)|Outdoor Market/Artisan/Shopping|All levels|Typically weekends May-Oct (check 2025 schedule)| |N/A (free entry)|Weekends, daytime hours|Handmade goods, unique crafts, art, gourmet food items from local artisans.|Free entry; cost of purchases| (Search ""Waterfront Artisan Market Toronto"" or check Waterfront BIA for 2025 updates)|Waterfront, central| | |artisan market,craft market,waterfront,shopping,outdoor market,summer,toronto|@mywaterfrontbia (organizer)| | | (via Waterfront BIA)",No description available,https://source.unsplash.com/random/?Waterfront%20Artisan%20Market%20(WAM)%7COpen-air%20market%20at%20HTO%20Park%20featuring%20a%20curated%20selection%20of%20artisan%20crafts%2C%20food%2C%20and%20art.%7C%20%7CHTO%20Park%2C%20339%20Queens%20Quay%20W%20(check%202025%20location%2Fdetails)%7COutdoor%20Market%2FArtisan%2FShopping%7CAll%20levels%7CTypically%20weekends%20May-Oct%20(check%202025%20schedule)%7C%20%7CN%2FA%20(free%20entry)%7CWeekends%2C%20daytime%20hours%7CHandmade%20goods%2C%20unique%20crafts%2C%20art%2C%20gourmet%20food%20items%20from%20local%20artisans.%7CFree%20entry%3B%20cost%20of%20purchases%7C%20(Search%20%22Waterfront%20Artisan%20Market%20Toronto%22%20or%20check%20Waterfront%20BIA%20for%202025%20updates)%7CWaterfront%2C%20central%7C%20%7C%20%7Cartisan%20market%2Ccraft%20market%2Cwaterfront%2Cshopping%2Coutdoor%20market%2Csummer%2Ctoronto%7C%40mywaterfrontbia%20(organizer)%7C%20%7C%20%7C%20(via%20Waterfront%20BIA),loc1,cat1,,,,varies,No description available,price1,#,,,false,Activity,2025-05-30T21:27:58.953Z,cat1,activity,,year-round,varies,activity
ac478953_torontobus,"Toronto BuskerFest (check 2025 organizer and dates)|International street performers festival. (Historically run by Epilepsy Toronto, location has varied e.g. Woodbine Park, Downtown Yonge. Confirm 2025 details.)| |Location varies (e.g., Woodbine Park, check 2025 updates)|Street Performance/Festival/Family|All levels|Typically Labour Day weekend (late Aug/early Sept) or other summer dates","check for 2025| |Donations to performers encouraged|3-4 days|Street theatre, comedy, music, magic, acrobatics from international buskers. Family-friendly.|Primarily by donation to performers (""pass the hat"")| (Search ""Toronto International BuskerFest"" for 2025 official site and organizer)|Varies| | |buskerfest,street performers,festival,family entertainment,summer,toronto| (Will depend on 2025 organizer)| | | (via official 2025 website)",https://source.unsplash.com/random/?Toronto%20BuskerFest%20(check%202025%20organizer%20and%20dates)%7CInternational%20street%20performers%20festival.%20(Historically%20run%20by%20Epilepsy%20Toronto%2C%20location%20has%20varied%20e.g.%20Woodbine%20Park%2C%20Downtown%20Yonge.%20Confirm%202025%20details.)%7C%20%7CLocation%20varies%20(e.g.%2C%20Woodbine%20Park%2C%20check%202025%20updates)%7CStreet%20Performance%2FFestival%2FFamily%7CAll%20levels%7CTypically%20Labour%20Day%20weekend%20(late%20Aug%2Fearly%20Sept)%20or%20other%20summer%20dates,loc1,cat1,,,,varies,"check for 2025| |Donations to performers encouraged|3-4 days|Street theatre, comedy, music, magic, acrobatics from international buskers. Family-friendly.|Primarily by donation to performers (""pass the hat"")| (Search ""Toronto International BuskerFest"" for 2025 official site and organizer)|Varies| | |buskerfest,street performers,festival,family entertainment,summer,toronto| (Will depend on 2025 organizer)| | | (via official 2025 website)",price1,#,,,false,Activity,2025-05-30T21:27:58.953Z,cat1,activity,,year-round,varies,activity
ac478953_unknown,Untitled,No description available,https://source.unsplash.com/random/?Untitled,loc1,cat1,,,,varies,No description available,price1,#,,,false,Activity,2025-05-30T21:27:58.953Z,cat1,activity,,year-round,varies,activity
ac478953_unknown,Untitled,No description available,https://source.unsplash.com/random/?Untitled,loc1,cat1,,,,varies,No description available,price1,#,,,false,Activity,2025-05-30T21:27:58.953Z,cat1,activity,,year-round,varies,activity
ac478953_unknown,Untitled,No description available,https://source.unsplash.com/random/?Untitled,loc1,cat1,,,,varies,No description available,price1,#,,,false,Activity,2025-05-30T21:27:58.953Z,cat1,activity,,year-round,varies,activity
ac478953_unknown,Untitled,No description available,https://source.unsplash.com/random/?Untitled,loc1,cat1,,,,varies,No description available,price1,#,,,false,Activity,2025-05-30T21:27:58.953Z,cat1,activity,,year-round,varies,activity
ac564469_distillery,Distillery District Outdoor Markets / Events,"Historic district with cobblestone streets, artisan shops, galleries, restaurants. Often hosts seasonal outdoor markets, art shows, music.",https://source.unsplash.com/random/?Distillery%20District%20Outdoor%20Markets%20%2F%20Events,,,,,,varies,"Historic district with cobblestone streets, artisan shops, galleries, restaurants. Often hosts seasonal outdoor markets, art shows, music.",,https://www.thedistillerydistrict.com/,,,false,"market,arts,crafts,historic district,food,live music,summer,toronto",2025-05-30T21:29:24.469Z,,activity,,year-round,varies,activity
ac564469_kensington,Kensington Market Pedestrian Sundays (if continued in 2025),"Eclectic neighbourhood closes streets to cars on select Sundays, creating a vibrant street festival atmosphere.",https://source.unsplash.com/random/?Kensington%20Market%20Pedestrian%20Sundays%20(if%20continued%20in%202025),,,,,,varies,"Eclectic neighbourhood closes streets to cars on select Sundays, creating a vibrant street festival atmosphere.",," (Search ""Pedestrian Sundays Kensington Market"" or check kbia.ca for 2025 updates)",,,false,"street festival,community,market,kensington market,car free,summer,toronto",2025-05-30T21:29:24.469Z,,activity,,year-round,varies,activity
ac564469_stlawrence,St. Lawrence Market,"Historic public market with food vendors, artisans, and antique market on Sundays.",https://source.unsplash.com/random/?St.%20Lawrence%20Market,,,,,,varies,"Historic public market with food vendors, artisans, and antique market on Sundays.",,http://www.stlawrencemarket.com/,,,false,"market,food market,historic market,antique market,shopping,summer,toronto",2025-05-30T21:29:24.469Z,,activity,,year-round,varies,activity
ac564469_torontoout,Toronto Outdoor Art Fair (TOAF),Canada's largest and longest-running juried contemporary outdoor art fair.,https://source.unsplash.com/random/?Toronto%20Outdoor%20Art%20Fair%20(TOAF),,,,,,varies,Canada's largest and longest-running juried contemporary outdoor art fair.,,https://torontooutdoor.art/,,,false,"art fair,outdoor art,contemporary art,cultural event,summer,toronto",2025-05-30T21:29:24.469Z,,activity,,year-round,varies,activity
ac564469_luminatofe,Luminato Festival Toronto (if dates align with summer),"International multi-arts festival with theatre, dance, music, visual arts, and more, often with large-scale public art installations.",https://source.unsplash.com/random/?Luminato%20Festival%20Toronto%20(if%20dates%20align%20with%20summer),,,,,,varies,"International multi-arts festival with theatre, dance, music, visual arts, and more, often with large-scale public art installations.",,https://luminatofestival.com/,,,false,"arts festival,multi arts,cultural event,public art,summer,toronto",2025-05-30T21:29:24.469Z,,activity,,year-round,varies,activity
ac564469_torontoint,Toronto International Dragon Boat Race Festival,Large dragon boat festival with teams competing on Toronto's Centre Island.,https://source.unsplash.com/random/?Toronto%20International%20Dragon%20Boat%20Race%20Festival,,,,,,varies,Large dragon boat festival with teams competing on Toronto's Centre Island.,,https://dragonboats.com/ (or search Toronto International Dragon Boat Race Festival for official 2025 site),,,false,"dragon boat,festival,sports,cultural,community,toronto islands,summer,toronto",2025-05-30T21:29:24.469Z,,activity,,year-round,varies,activity
ac564469_tasteoflit,Taste of Little Italy (if scheduled for Summer 2025),"Street festival on College Street celebrating Italian culture, food, and music.",https://source.unsplash.com/random/?Taste%20of%20Little%20Italy%20(if%20scheduled%20for%20Summer%202025),,,,,,varies,"Street festival on College Street celebrating Italian culture, food, and music.",,https://tolittleitaly.com/taste-of-little-italy (check for 2025 updates),,,false,"street festival,food festival,italian culture,little italy,summer,toronto",2025-05-30T21:29:24.469Z,,activity,,year-round,varies,activity
ac564469_beachesint,Beaches International Jazz Festival,Large free jazz festival with performances in various locations in The Beaches neighbourhood.,https://source.unsplash.com/random/?Beaches%20International%20Jazz%20Festival,,,,,,varies,Large free jazz festival with performances in various locations in The Beaches neighbourhood.,,https://beachesjazz.com/,,,false,"jazz festival,music festival,free event,beaches,summer,toronto",2025-05-30T21:29:24.469Z,,activity,,year-round,varies,activity
ac564469_torontocar,Toronto Caribbean Carnival (formerly Caribana - Grand Parade Day & other events in summer),"Large festival celebrating Caribbean culture with music, dance, and a massive parade. (Grand Parade typically August long weekend; other events July/August)",https://source.unsplash.com/random/?Toronto%20Caribbean%20Carnival%20(formerly%20Caribana%20-%20Grand%20Parade%20Day%20%26%20other%20events%20in%20summer),,,,,,varies,"Large festival celebrating Caribbean culture with music, dance, and a massive parade. (Grand Parade typically August long weekend; other events July/August)",,https://www.torontocarnival.ca/ (check for official 2025 site),,,false,"caribbean carnival,caribana,parade,cultural festival,music,summer,toronto",2025-05-30T21:29:24.469Z,,activity,,year-round,varies,activity
ac564469_shakespear,Shakespeare in High Park (Canadian Stage),Outdoor theatre performances of Shakespeare plays in High Park Amphitheatre.,https://source.unsplash.com/random/?Shakespeare%20in%20High%20Park%20(Canadian%20Stage),,,,,,varies,Outdoor theatre performances of Shakespeare plays in High Park Amphitheatre.,,https://www.canadianstage.com/outdoors,,,false,"shakespeare,outdoor theatre,high park,cultural event,summer,toronto",2025-05-30T21:29:24.469Z,,activity,,year-round,varies,activity
ac564469_summerlici,Summerlicious / Winterlicious (City-run prix fixe food programs - Summerlicious for summer),City-wide culinary event where restaurants offer special prix fixe menus for lunch and dinner.,https://source.unsplash.com/random/?Summerlicious%20%2F%20Winterlicious%20(City-run%20prix%20fixe%20food%20programs%20-%20Summerlicious%20for%20summer),,,,,,varies,City-wide culinary event where restaurants offer special prix fixe menus for lunch and dinner.,,https://www.toronto.ca/explore-enjoy/festivals-events/licious/ (check for Summerlicious 2025 updates),,,false,"food festival,dining,restaurants,prix fixe,summerlicious,summer,toronto",2025-05-30T21:29:24.469Z,,activity,,year-round,varies,activity
ac564469_evergreenb,Evergreen Brick Works - Summer Markets & Events,"Former brick factory transformed into a community environmental centre with gardens, trails, and markets.",https://source.unsplash.com/random/?Evergreen%20Brick%20Works%20-%20Summer%20Markets%20%26%20Events,,,,,,varies,"Former brick factory transformed into a community environmental centre with gardens, trails, and markets.",,https://www.evergreen.ca/evergreen-brick-works/,,,false,"farmers market,community hub,environmental centre,workshops,summer,toronto",2025-05-30T21:29:24.469Z,,activity,,year-round,varies,activity
ac564469_torontofri,Toronto Fringe Festival (if dates align with summer),"Unjuried theatre festival featuring a wide variety of performances (drama, comedy, musical, improv, dance).",https://source.unsplash.com/random/?Toronto%20Fringe%20Festival%20(if%20dates%20align%20with%20summer),,,,,,varies,"Unjuried theatre festival featuring a wide variety of performances (drama, comedy, musical, improv, dance).",,https://fringetoronto.com/,,,false,"fringe festival,theatre festival,indie theatre,arts,summer,toronto",2025-05-30T21:29:24.469Z,,activity,,year-round,varies,activity
ac564469_openstreet,Open Streets TO (if continued in 2025),"Major city streets (e.g., Bloor, Yonge) are closed to cars for a day, encouraging walking, cycling, and community activities.",https://source.unsplash.com/random/?Open%20Streets%20TO%20(if%20continued%20in%202025),,,,,,varies,"Major city streets (e.g., Bloor, Yonge) are closed to cars for a day, encouraging walking, cycling, and community activities.",,https://www.openstreetsto.org/ (check for 2025 updates),,,false,"open streets,car free,community event,cycling,walking,summer,toronto",2025-05-30T21:29:24.469Z,,activity,,year-round,varies,activity
ac564469_pedalheads,Pedalheads Bike Camps / Programs,Summer bike camps and lessons for kids of various skill levels.,https://source.unsplash.com/random/?Pedalheads%20Bike%20Camps%20%2F%20Programs,,,,,,varies,Summer bike camps and lessons for kids of various skill levels.,,https://www.pedalheads.com/,,,false,"kids camp,cycling,bike lessons,summer camp,toronto",2025-05-30T21:29:24.469Z,,activity,,year-round,varies,activity
ac564469_harbourfro,Harbourfront Centre Summer Programming,"Arts and cultural centre on the waterfront with frequent free festivals, concerts, workshops, and family activities throughout the summer.",https://source.unsplash.com/random/?Harbourfront%20Centre%20Summer%20Programming,,,,,,varies,"Arts and cultural centre on the waterfront with frequent free festivals, concerts, workshops, and family activities throughout the summer.",,https://harbourfrontcentre.com/,,,false,"harbourfront,free events,music festival,cultural festival,waterfront,summer,toronto",2025-05-30T21:29:24.469Z,,activity,,year-round,varies,activity
ac564469_outdoormov,"Outdoor Movies in Toronto Parks (e.g., Christie Pits Film Fest, Corktown Common, etc.)",Various parks host free outdoor movie screenings during summer evenings.,https://source.unsplash.com/random/?Outdoor%20Movies%20in%20Toronto%20Parks%20(e.g.%2C%20Christie%20Pits%20Film%20Fest%2C%20Corktown%20Common%2C%20etc.),,,,,,varies,Various parks host free outdoor movie screenings during summer evenings.,,"(Search ""Outdoor movies Toronto 2025"", ""Christie Pits Film Festival"", etc. for specific listings)",,,false,"outdoor movies,free movies,film screening,community event,summer,toronto",2025-05-30T21:29:24.469Z,,activity,,year-round,varies,activity
ac564469_torontopub,Toronto Public Library - Summer Programs & Workshops,"Offers a wide range of free programs for all ages, including author talks, workshops, kids' activities, tech classes.",https://source.unsplash.com/random/?Toronto%20Public%20Library%20-%20Summer%20Programs%20%26%20Workshops,,,,,,varies,"Offers a wide range of free programs for all ages, including author talks, workshops, kids' activities, tech classes.",,https://www.torontopubliclibrary.ca/programs-and-classes/,,,false,"library programs,free workshops,education,community,kids activities,summer,toronto",2025-05-30T21:29:24.469Z,,activity,,year-round,varies,activity
ac564469_thebentway,The Bentway - Summer Programming,"Public space under the Gardiner Expressway hosting art installations, performances, markets, and recreational activities.",https://source.unsplash.com/random/?The%20Bentway%20-%20Summer%20Programming,,,,,,varies,"Public space under the Gardiner Expressway hosting art installations, performances, markets, and recreational activities.",,https://www.thebentway.ca/,,,false,"public art,community space,urban park,summer events,toronto",2025-05-30T21:29:24.469Z,,activity,,year-round,varies,activity
ac564469_torontoflo,Toronto Flower Market,"Outdoor market celebrating locally grown flowers and plants, featuring Ontario growers and florists.",https://source.unsplash.com/random/?Toronto%20Flower%20Market,,,,,,varies,"Outdoor market celebrating locally grown flowers and plants, featuring Ontario growers and florists.",,http://www.torontoflowermarket.ca/,,,false,"flower market,local flowers,plants,gardening,outdoor market,summer,toronto",2025-05-30T21:29:24.469Z,,activity,,year-round,varies,activity
ac564469_junctionsu,Junction Summer Solstice Festival (if continued in 2025),"Neighbourhood street festival celebrating the longest day of the year with music, art, food, and family activities.",https://source.unsplash.com/random/?Junction%20Summer%20Solstice%20Festival%20(if%20continued%20in%202025),,,,,,varies,"Neighbourhood street festival celebrating the longest day of the year with music, art, food, and family activities.",,"https://www.torontojunction.ca/junctionfest (check for updates, this link was for a previous iteration)",,,false,"street festival,community,summer solstice,junction,live music,art,toronto",2025-05-30T21:29:24.469Z,,activity,,year-round,varies,activity
ac564469_salsaonstc,Salsa on St. Clair Street Festival,"Annual free Latino street festival featuring live music, dance lessons, Latin food, and cultural performances.",https://source.unsplash.com/random/?Salsa%20on%20St.%20Clair%20Street%20Festival,,,,,,varies,"Annual free Latino street festival featuring live music, dance lessons, Latin food, and cultural performances.",,https://www.salsaintoronto.com/salsa-on-st-clair/ (check for 2025 updates),,,false,"salsa festival,latin culture,street festival,music,dance,free event,summer,toronto",2025-05-30T21:29:24.469Z,,activity,,year-round,varies,activity
ac564469_torontofoo,Toronto Food Truck Festival (if scheduled for Summer 2025),Gathering of various food trucks offering diverse cuisines. Often held at Woodbine Park.,https://source.unsplash.com/random/?Toronto%20Food%20Truck%20Festival%20(if%20scheduled%20for%20Summer%202025),,,,,,varies,Gathering of various food trucks offering diverse cuisines. Often held at Woodbine Park.,,https://canadianfoodtruckfestivals.com/toronto/ (check for 2025 updates),,,false,"food truck festival,foodie,outdoor event,summer,toronto",2025-05-30T21:29:24.469Z,,activity,,year-round,varies,activity
ac564469_waterfront,Waterfront Artisan Market (WAM),"Open-air market at HTO Park featuring a curated selection of artisan crafts, food, and art.",https://source.unsplash.com/random/?Waterfront%20Artisan%20Market%20(WAM),,,,,,varies,"Open-air market at HTO Park featuring a curated selection of artisan crafts, food, and art.",," (Search ""Waterfront Artisan Market Toronto"" or check Waterfront BIA for 2025 updates)",,,false,"artisan market,craft market,waterfront,shopping,outdoor market,summer,toronto",2025-05-30T21:29:24.469Z,,activity,,year-round,varies,activity
ac564469_torontobus,Toronto BuskerFest (check 2025 organizer and dates),"International street performers festival. (Historically run by Epilepsy Toronto, location has varied e.g. Woodbine Park, Downtown Yonge. Confirm 2025 details.)",https://source.unsplash.com/random/?Toronto%20BuskerFest%20(check%202025%20organizer%20and%20dates),,,,,,varies,"International street performers festival. (Historically run by Epilepsy Toronto, location has varied e.g. Woodbine Park, Downtown Yonge. Confirm 2025 details.)",," (Search ""Toronto International BuskerFest"" for 2025 official site and organizer)",,,false,"buskerfest,street performers,festival,family entertainment,summer,toronto",2025-05-30T21:29:24.469Z,,activity,,year-round,varies,activity
ac564469_camptocity,"Camp T.O. (City of Toronto Parks, Forestry & Recreation Camps)","City-run summer day camps for children and youth with various themes (sports, arts, science, outdoor).",https://source.unsplash.com/random/?Camp%20T.O.%20(City%20of%20Toronto%20Parks%2C%20Forestry%20%26%20Recreation%20Camps),,,,,,varies,"City-run summer day camps for children and youth with various themes (sports, arts, science, outdoor).",,https://www.toronto.ca/explore-enjoy/recreation/campto/,,,false,"kids camp,summer camp,day camp,city of toronto,recreation,summer,toronto",2025-05-30T21:29:24.469Z,,activity,,year-round,varies,activity
ac564469_sundayanti,Sunday Antique Market (at St. Lawrence Market North Building - check status for 2025 during any ongoing renovations),"Weekly market featuring antiques, collectibles, vintage clothing, jewelry, and decor.",https://source.unsplash.com/random/?Sunday%20Antique%20Market%20(at%20St.%20Lawrence%20Market%20North%20Building%20-%20check%20status%20for%202025%20during%20any%20ongoing%20renovations),,,,,,varies,"Weekly market featuring antiques, collectibles, vintage clothing, jewelry, and decor.",,http://www.sundayantiquemarket.com/ (check for 2025 updates),,,false,"antique market,vintage,collectibles,shopping,sunday market,toronto",2025-05-30T21:29:24.469Z,,activity,,year-round,varies,activity
ac564469_highparkzo,High Park Zoo,"Small, free zoo located within High Park, featuring domestic and wild animals like bison, deer, llamas, and peacocks.",https://source.unsplash.com/random/?High%20Park%20Zoo,,,,,,varies,"Small, free zoo located within High Park, featuring domestic and wild animals like bison, deer, llamas, and peacocks.",,https://highparktoronto.com/zoo/ or https://www.toronto.ca/explore-enjoy/parks-gardens-beaches/zoos-farms/high-park-zoo/,,,false,"zoo,high park,free activity,family,animals,nature,summer,toronto",2025-05-30T21:29:24.469Z,,activity,,year-round,varies,activity
ac564469_riverdalef,Riverdale Farm,"Working farm in Cabbagetown, showcasing farm animals and rural life in an urban setting.",https://source.unsplash.com/random/?Riverdale%20Farm,,,,,,varies,"Working farm in Cabbagetown, showcasing farm animals and rural life in an urban setting.",,https://www.toronto.ca/explore-enjoy/parks-gardens-beaches/zoos-farms/riverdale-farm/,,,false,"farm,riverdale farm,free activity,family,animals,cabbagetown,summer,toronto",2025-05-30T21:29:24.469Z,,activity,,year-round,varies,activity
se1,Classical Proms Evening,Elegant classical music concert,https://source.unsplash.com/random/?classical,"1 Austin Terrace, Toronto, ON M5R 1X8",Classical Music Concert,2025-06-02,2025-06-02,Not required,2-3 hours,Elegant classical music concert,$30-70+ CAD,https://casaloma.ca/events/symphony-in-the-gardens,"In-town (Casa Loma area, accessible by public transit)",N/A,true,"Classical,Music,Concert",2025-05-29T00:00:00Z,Classical Music Concert,special_event,"1 Austin Terrace, Toronto, ON M5R 1X8",year-round,varies,special_event
se2,Comedy Show Night,Improv/sketch comedy performance,https://source.unsplash.com/random/?comedy,"1 York St, Toronto, ON M5J 2P1",Comedy Performance,2025-06-03,2025-06-03,Not required,1.5-2 hours,Improv/sketch comedy performance,$25-40+ CAD,https://www.yukyuks.com/toronto,"In-town (Downtown Toronto, accessible by public transit)",N/A,true,"Comedy,Performance",2025-05-29T00:00:00Z,Comedy Performance,special_event,"1 York St, Toronto, ON M5J 2P1",year-round,varies,special_event
se3,Rivoli Live Music,Intimate indie music performance,https://source.unsplash.com/random/?livemusic,"334 Queen St W, Toronto, ON M5V 2A2",Live Music,2025-06-05,2025-06-05,Not required,2-3 hours,Intimate indie music performance,$15-30+ CAD,https://www.therivoli.ca,"In-town (Queen West, accessible by streetcar)",N/A,true,"Music,Live,Indie",2025-05-29T00:00:00Z,Live Music,special_event,"334 Queen St W, Toronto, ON M5V 2A2",year-round,varies,special_event
se4,Crews & Tangos Drag Show,Drag queen show & dancing,https://source.unsplash.com/random/?dragshow,"508 Church St, Toronto, ON M4Y 2C3",Drag Performance,2025-06-06,2025-06-06,Not required,Late evening,Drag queen show & dancing,$10-20+ cover charge,https://www.crewsandtangos.com,"In-town (Church-Wellesley Village, accessible by subway)",https://goo.gl/maps/CT,true,"LGBTQ,Drag,Performance",2025-05-29T00:00:00Z,Drag Performance,special_event,"508 Church St, Toronto, ON M4Y 2C3",year-round,varies,special_event
se5,Jazz Festival Opening,Free outdoor jazz performances,https://source.unsplash.com/random/?jazz,"Nathan Phillips Square, Toronto, ON",Music Festival,2025-06-07,2025-06-07,Not required,Varies by performance,Free outdoor jazz performances,Free,https://torontojazz.com,"In-town (Downtown Toronto, accessible by subway)",N/A,true,"Jazz,Music,Festival",2025-05-29T00:00:00Z,Music Festival,special_event,"Nathan Phillips Square, Toronto, ON",year-round,varies,special_event
se6,Luminato Festival,Arts and creativity festival,https://source.unsplash.com/random/?artsfestival,Various venues across Toronto,Arts Festival,2025-06-06,2025-06-22,Varies by event,Multi-day festival,Arts and creativity festival with various performances and installations,Varies by event,https://luminatofestival.com,In-town (Varies by venue),N/A,true,"Arts,Festival,Culture",2025-05-29T00:00:00Z,Arts Festival,special_event,Various venues across Toronto,year-round,varies,special_event
se7,NXNE Festival,Music and gaming festival,https://source.unsplash.com/random/?musicfestival,Various venues in Toronto,Music and Gaming Festival,2025-06-13,2025-06-15,Varies by event,Multi-day festival,Music and gaming festival,Varies by event,https://www.nxne.com,In-town (Varies by venue),N/A,true,"Music,Gaming,Festival",2025-05-29T00:00:00Z,Music and Gaming Festival,special_event,Various venues in Toronto,year-round,varies,special_event
se8,Aga Khan Museum Visit,Islamic art & architecture exhibition,https://source.unsplash.com/random/?museum,"77 Wynford Dr, North York, ON M3C 1K1",Museum Exhibition,2025-06-15,2025-06-15,Not required,2-3 hours,Islamic art & architecture,$20 CAD,https://www.agakhanmuseum.org,"In-town (North York, accessible by public transit)",N/A,true,"Museum,Art,Culture",2025-05-29T00:00:00Z,Museum Exhibition,special_event,"77 Wynford Dr, North York, ON M3C 1K1",year-round,varies,special_event
se9,ROM Evening Exploration,Leisurely museum visit,https://source.unsplash.com/random/?museum,"100 Queen's Park, Toronto, ON M5S 2C6",Museum Visit,2025-06-17,2025-06-17,Not required,2-3 hours,Leisurely museum visit,$25-30 CAD,https://www.rom.on.ca,"In-town (Bloor-Yorkville, accessible by subway)",N/A,true,"Museum,History,Culture",2025-05-29T00:00:00Z,Museum Visit,special_event,"100 Queen's Park, Toronto, ON M5S 2C6",year-round,varies,special_event
se10,Pride Toronto,Toronto's largest LGBTQ+ celebration,https://source.unsplash.com/random/?pride,Church-Wellesley Village & Downtown,Cultural Festival,2025-06-20,2025-06-29,N/A,10 days,"Pride Parade, Street festivals, Live performances, Art installations, Community events, Family programming",Free-$200,www.pridetoronto.com,Downtown location,https://goo.gl/maps/PT,true,"LGBTQ,Pride,Festival",2025-05-29T00:00:00Z,Cultural Festival,special_event,Church-Wellesley Village & Downtown,year-round,varies,special_event
se11,TIFF 2025,International film festival,https://source.unsplash.com/random/?filmfestival,TIFF Bell Lightbox & various venues,Film Festival,2025-09-04,2025-09-14,Various deadlines,11 days,"Film premieres, Celebrity appearances, Industry conferences, Public screenings, Special events",$25-500,www.tiff.net,Downtown location,https://goo.gl/maps/TIFF,true,"Film,Festival,Culture",2025-05-29T00:00:00Z,Film Festival,special_event,TIFF Bell Lightbox & various venues,year-round,varies,special_event
se12,Taste of Toronto,Food & drink festival,https://source.unsplash.com/random/?foodfestival,Various Toronto venues,Culinary Event,2025-07-03,2025-07-06,Until sold out,4 days,"Restaurant tastings, Chef demonstrations, Cooking classes, Wine/beer sampling",Varies,www.tasteoftoronto.com,Downtown location,N/A,true,"Food,Drink,Festival","2025-05-29T00:00:00Z ",Culinary Event,special_event,Various Toronto venues,year-round,varies,special_event
sp733305_mirvishpro,Mirvish Productions - Various Shows,"Major commercial theatre producer in Toronto presenting Broadway hits, musicals, and plays."," ","Various Mirvish Theatres (Royal Alexandra, Princess of Wales, Ed Mirvish, CAA Theatre)",Theatre,Year-round (show schedules vary)," ",Book tickets in advance,Varies per show (typically 2-3 hrs),"Musicals, plays, dramas, comedies.",Varies per show ($50-$200+),https://www.mirvish.com/,Varies by theatre (all downtown)," ",true,"theatre,musical,broadway,play,toronto",2025-05-30T21:32:13.305Z,Theatre,special_event,"Various Mirvish Theatres (Royal Alexandra, Princess of Wales, Ed Mirvish, CAA Theatre)",year-round,varies,special_event
sp733305_soulpepper,Soulpepper Theatre Company,"Multi-award-winning Toronto theatre company presenting classics, new works, and artist training."," ","Young Centre for the Performing Arts, Distillery District",Theatre,Year-round (show schedules vary)," ",Book tickets in advance,Varies per show (typically 2-3 hrs),"Plays, musicals, concerts, workshops.",Varies per show ($30-$100+),https://www.soulpepper.ca/,Approx 15-25 mins,https://goo.gl/maps/YoungCentreDistillery,true,"theatre,canadian,play,musical,distillery district,toronto",2025-05-30T21:32:13.305Z,Theatre,special_event,"Young Centre for the Performing Arts, Distillery District",year-round,varies,special_event
sp733305_canadianop,Canadian Opera Company (COC),"Largest opera company in Canada, performing at the Four Seasons Centre for the Performing Arts."," ","Four Seasons Centre for the Performing Arts, 145 Queen St W",Opera/Music,Seasonal (typically Sept-May)," ",Book tickets in advance,Varies per opera (typically 2.5-4 hrs),Grand opera productions with international and Canadian artists.,Varies per show/seat ($45-$350+),https://www.coc.ca/,Approx 5-10 mins,https://goo.gl/maps/FourSeasonsCentre,true,"opera,classical music,performing arts,toronto",2025-05-30T21:32:13.305Z,Opera/Music,special_event,"Four Seasons Centre for the Performing Arts, 145 Queen St W",year-round,varies,special_event
sp733305_nationalba,National Ballet of Canada,"Canada's premier ballet company, performing classics and contemporary works."," ","Four Seasons Centre for the Performing Arts, 145 Queen St W",Dance/Ballet,"Seasonal (typically Nov-Mar, plus June performances)"," ",Book tickets in advance,Varies per ballet (typically 2-3 hrs),Classical and contemporary ballet productions.,Varies per show/seat ($40-$250+),https://national.ballet.ca/,Approx 5-10 mins,https://goo.gl/maps/FourSeasonsCentre,true,"ballet,dance,performing arts,toronto",2025-05-30T21:32:13.305Z,Dance/Ballet,special_event,"Four Seasons Centre for the Performing Arts, 145 Queen St W",year-round,varies,special_event
sp733305_torontosym,Toronto Symphony Orchestra (TSO),"Major symphony orchestra presenting classical masterworks, contemporary pieces, and pops concerts."," ","Roy Thomson Hall, 60 Simcoe St",Music/Orchestra,Seasonal (typically Sept-June)," ",Book tickets in advance,Varies per concert (typically 2-2.5 hrs),"Symphonic concerts, guest artists, film music nights.",Varies per concert/seat ($35-$180+),https://www.tso.ca/,Approx 5-10 mins,https://goo.gl/maps/RoyThomsonHall,true,"orchestra,classical music,symphony,live music,toronto",2025-05-30T21:32:13.305Z,Music/Orchestra,special_event,"Roy Thomson Hall, 60 Simcoe St",year-round,varies,special_event
sp733305_buddiesinb,Buddies in Bad Times Theatre,"Leading presenter of queer theatre in Canada, dedicated to the development and presentation of LGBTQ2S artists and their work."," ","12 Alexander St, Toronto",Theatre/LGBTQ+,Year-round (show schedules vary)," ",Book tickets in advance,Varies per show,"Plays, performance art, festivals, youth programs, cabarets with a queer focus.","Varies ($20-$50+, some PWYC)",https://buddiesinbadtimes.com/,Approx 10-15 mins,https://goo.gl/maps/BuddiesInBadTimes,true,"lgbtq theatre,queer art,play,performance,toronto",2025-05-30T21:32:13.305Z,Theatre/LGBTQ+,special_event,"12 Alexander St, Toronto",year-round,varies,special_event
sp733305_thegarriso,"The Garrison, The Horseshoe Tavern, Lee's Palace, History, Massey Hall, Budweiser Stage (various music venues)",Various iconic and newer live music venues hosting a wide range of genres and artists.," ",Various locations across Toronto,Concert/Live Music,Year-round," ","Book tickets in advance (Ticketmaster, venue sites)",Varies per show,"Concerts (rock, indie, pop, electronic, etc.), touring and local bands.",Varies widely ($20-$200+),"(Check venue websites: historytoronto.com, masseyhall.com, livenation.com/venues/14878/budweiser-stage-toronto, horseshoetavern.com, leespalace.com, garrisontoronto.com)",Varies (many downtown or accessible by TTC)," ",true,"live music,concert,rock,indie,pop,toronto,venue",2025-05-30T21:32:13.305Z,Concert/Live Music,special_event,Various locations across Toronto,year-round,varies,special_event
sp733305_cherrybomb,Cherry Bomb,Recurring dance party for queer women and friends. Features guest DJs and a vibrant atmosphere.," ","Typically at The Garrison or other venues, check listings",Gay Party/Social,Monthly or bi-monthly (check schedule)," ",Tickets at door or advance for special events,"~4-5 hours (e.g., 10 PM - 3 AM)","DJ sets (various genres), dancing, social event for queer women and trans/non-binary folks.",~$15-25," (Search ""Cherry Bomb Toronto"" on Facebook or Instagram for current events)",Varies by venue," ",true,"lgbtq party,queer women,lesbian,dance,social,toronto",2025-05-30T21:32:13.305Z,Gay Party/Social,special_event,"Typically at The Garrison or other venues, check listings",year-round,varies,special_event
sp733305_strapped,Strapped,"Inclusive, sex-positive QTBIPOC-centered dance party. Often features themes and performances."," ","Various venues, often The Garrison or larger spaces. Check listings.",Gay Party/Social,Monthly or bi-monthly (check schedule)," ","Tickets often sell out, buy in advance","~4-6 hours (e.g., 10 PM - 4 AM)","DJ sets (hip hop, R&B, dancehall, afrobeat), performances, body-positive atmosphere.",~$20-35," (Search ""Strapped Toronto"" on Instagram or Facebook)",Varies by venue," ",true,"qtbipoc,lgbtq party,dance,sex positive,inclusive,toronto",2025-05-30T21:32:13.305Z,Gay Party/Social,special_event,"Various venues, often The Garrison or larger spaces. Check listings.",year-round,varies,special_event
sp733305_dragshowsa,"Drag Shows at The Drink, Crews & Tangos, Glad Day Bookshop, etc.",Various bars and venues in the Church-Wellesley Village and beyond host regular drag shows.," ","Church-Wellesley Village (e.g., The Drink, Crews & Tangos) and other venues",Gay Show/Performance,Weekly/multiple times a week at many venues," ",Often no cover or small cover at door; some special events ticketed,~1-3 hours per show,"Drag performances by local queens (lip-sync, comedy, dance).",Free to $20+ (plus tips for performers),"(Check venue websites/social media: @thedrinktoronto, @crewsandtangos, @gladdaybookshop)",Church-Wellesley Village is central," ",true,"drag show,lgbtq performance,drag queen,nightlife,toronto",2025-05-30T21:32:13.305Z,Gay Show/Performance,special_event,"Church-Wellesley Village (e.g., The Drink, Crews & Tangos) and other venues",year-round,varies,special_event
sp733305_insideoutt,Inside Out Toronto LGBT Film Festival,"Annual festival showcasing films by and about LGBTQ+ people. (Note: Main festival is typically May/June, but they have year-round programming/screenings)"," ",TIFF Bell Lightbox and other venues,Gay Festival/Film,Main festival May/June; other screenings year-round," ",Festival passes/individual tickets on sale prior to festival,Varies per film; festival spans ~11 days,"Screenings of feature films, documentaries, shorts; Q&As with filmmakers; industry events.","Varies (single tickets ~$15-20, passes available)",https://insideout.ca/,TIFF Bell Lightbox is central," ",true,"lgbtq film festival,queer cinema,film,festival,toronto",2025-05-30T21:32:13.305Z,Gay Festival/Film,special_event,TIFF Bell Lightbox and other venues,year-round,varies,special_event
sp733305_lavenderwi,Lavender Wild,"One-day queer music and arts festival. (Inaugural event was June 2023, check for 2025 dates)"," ",RBC Echo Beach or similar outdoor venue,Gay Festival/Music,Typically June (check for 2025 announcement)," ",Tickets on sale in advance,Full day event,"Live music performances by LGBTQ+ artists and allies, art installations, community vendors.",~$80-150+,https://www.lavenderwild.com/ (check for updates),RBC Echo Beach is on Ontario Place grounds," ",true,"lgbtq music festival,queer festival,live music,arts,toronto",2025-05-30T21:32:13.305Z,Gay Festival/Music,special_event,RBC Echo Beach or similar outdoor venue,year-round,varies,special_event
sp733305_greenspace,"Green Space Festival (by The 519 - Note: This IS a Pride month affiliated series of events, user asked to exclude Pride Toronto events and associated Pride Month activities. Clarify if this specific one is okay or should be omitted.)","Multi-day music and community festival during Pride month, fundraiser for The 519. (If this is too close to ""Pride Month activities"", I can remove it.)"," ",Barbara Hall Park and other venues near The 519,Gay Festival/Community,Typically late June (Pride Month)," ","Some events free, some ticketed","Several days, various event times","DJ sets, live performances, community gatherings, large outdoor dance parties.",Free to $50+ (varies by event),https://www.greenspaceto.org/ (part of The 519),Church-Wellesley area," ",true,"lgbtq festival,pride,community,music,dance,toronto,fundraiser",2025-05-30T21:32:13.305Z,Gay Festival/Community,special_event,Barbara Hall Park and other venues near The 519,year-round,varies,special_event
sp733305_tapestryop,Tapestry Opera,"Produces contemporary opera and innovative music theatre, often with Canadian creators."," ","Various venues, often smaller or site-specific",Opera/Music Theatre,"Project-based, check season schedule"," ",Book tickets in advance,Varies per show,"New opera works, experimental music theatre, workshops.",Varies ($30-$75+),https://tapestryopera.com/,Varies," ",true,"opera,contemporary music,music theatre,canadian,toronto",2025-05-30T21:32:13.305Z,Opera/Music Theatre,special_event,"Various venues, often smaller or site-specific",year-round,varies,special_event
sp733305_factorythe,Factory Theatre,"Hub for Canadian playwriting and theatre, developing and producing new Canadian plays."," ","125 Bathurst St, Toronto",Theatre,Year-round (season schedule)," ",Book tickets in advance,Varies per play,"Contemporary Canadian plays, readings, development workshops.",Varies ($25-$60+),https://www.factorytheatre.ca/,Approx 10-15 mins,https://goo.gl/maps/FactoryTheatre,true,"theatre,canadian plays,new works,toronto",2025-05-30T21:32:13.305Z,Theatre,special_event,"125 Bathurst St, Toronto",year-round,varies,special_event
sp733305_tarragonth,Tarragon Theatre,"Creates, develops and produces new Canadian plays, alongside contemporary international works."," ","30 Bridgman Ave, Toronto",Theatre,Year-round (season schedule)," ",Book tickets in advance,Varies per play,"New Canadian plays, contemporary theatre, readings.",Varies ($20-$70+),https://www.tarragontheatre.com/,Approx 20-30 mins (near Dupont station),https://goo.gl/maps/TarragonTheatre,true,"theatre,canadian plays,contemporary,toronto",2025-05-30T21:32:13.305Z,Theatre,special_event,"30 Bridgman Ave, Toronto",year-round,varies,special_event
sp733305_theassembl,The Assembly Theatre,Independent theatre venue supporting emerging artists and new works.," ","1479 Queen St West, Parkdale",Theatre,Year-round (show listings vary)," ",Tickets usually via event organizers/website,Varies per show,"Indie theatre, comedy, improv, experimental performances.",Varies ($15-$30+),https://www.theassemblytheatre.com/,Approx 25-35 mins,https://goo.gl/maps/AssemblyTheatre,true,"indie theatre,emerging artists,parkdale,toronto",2025-05-30T21:32:13.305Z,Theatre,special_event,"1479 Queen St West, Parkdale",year-round,varies,special_event
sp733305_gladdaylit,Glad Day Lit (Events at Glad Day Bookshop),"World's oldest LGBTQ bookstore, hosts readings, drag events, socials, workshops, and more."," ","499 Church St, Toronto",LGBTQ+ Social/Literary/Performance,"Frequent events, check calendar"," ","Many free, some ticketed/PWYC",Varies per event,"Book launches, poetry readings, drag shows, discussion groups, dance parties.",Free to $20+,https://www.gladdaylit.ca/,"Church-Wellesley Village, central"," ",true,"lgbtq events,bookstore,literary,drag,social,community,toronto",2025-05-30T21:32:13.305Z,LGBTQ+ Social/Literary/Performance,special_event,"499 Church St, Toronto",year-round,varies,special_event
sp733305_pegasusonc,Pegasus on Church Karaoke / Events,"LGBTQ+ bar with regular karaoke nights, drag shows, and other events."," ","489B Church St, Toronto",LGBTQ+ Social/Karaoke/Bar,Nightly events (check schedule)," ","Usually no cover, tips appreciated",Evening hours,"Karaoke, drag performances, social bar atmosphere.",No cover (buy drinks),https://www.pegasusonchurch.com/,"Church-Wellesley Village, central"," ",true,"lgbtq bar,karaoke,drag,social,church street,toronto",2025-05-30T21:32:13.305Z,LGBTQ+ Social/Karaoke/Bar,special_event,"489B Church St, Toronto",year-round,varies,special_event
sp733305_woodysands,Woody's and Sailor,"Iconic side-by-side LGBTQ+ bars on Church Street with drag shows, DJs, and social scene."," ","465-467 Church St, Toronto",LGBTQ+ Bar/Nightlife,Nightly," ",Cover charge on some nights/special events,Evening/Late Night,"Drag shows (""Best in Drag"" contest at Woody's), DJs, multiple bars, patio.",Varies (no cover to $10+),"(Search ""Woody's Toronto"" or ""Sailor Toronto"" on social media)","Church-Wellesley Village, central"," ",true,"lgbtq bar,drag,nightlife,dj,church street,toronto",2025-05-30T21:32:13.305Z,LGBTQ+ Bar/Nightlife,special_event,"465-467 Church St, Toronto",year-round,varies,special_event
sp733305_theblackea,The Black Eagle Toronto,"Leather, denim, and uniform bar for men, with regular themed nights and events."," ","457 Church St, Toronto",LGBTQ+ Bar/Nightlife (specific subculture),Nightly (themed nights vary)," ",Cover charge on some nights,Evening/Late Night,"DJ nights, leather/fetish themed events, pool table, patio.",Varies (no cover to $10+),https://www.blackeagletoronto.com/,"Church-Wellesley Village, central"," ",true,"lgbtq bar,leather,fetish,men,church street,toronto",2025-05-30T21:32:13.305Z,LGBTQ+ Bar/Nightlife (specific subculture),special_event,"457 Church St, Toronto",year-round,varies,special_event
sp733305_oasisaqual,Oasis Aqualounge,"Upscale spa and lounge for adventurous adults (sex-positive, clothing-optional environment). Hosts LGBTQ+ specific nights/events."," ","231 Mutual St, Toronto",Adult Lounge/Social (Niche),Check schedule for LGBTQ+ events," ",Membership/Cover charge applies,Evening/Late Night,"Pool, hot tub, sauna, social areas. LGBTQ+ nights provide a specific space.",Varies significantly (check website),https://wwwoasis.com/,Approx 10-15 mins,https://goo.gl/maps/OasisAqualounge,true,"lgbtq social,adult,sex positive,lounge,toronto",2025-05-30T21:32:13.305Z,Adult Lounge/Social (Niche),special_event,"231 Mutual St, Toronto",year-round,varies,special_event
sp733305_torontoque,Toronto Queer Market,"Pop-up market featuring LGBTQ2S+ artisans, makers, and vendors."," ","Various locations, check social media for dates/locations",LGBTQ+ Market/Social,"Periodic (e.g., monthly or seasonal)"," ",N/A (free entry to browse),"Typically a few hours (e.g., afternoon)","Shop for unique goods from queer creators, support local artists, community atmosphere.",Free entry (cost of purchases)," (Search ""Toronto Queer Market"" on Instagram or Facebook)",Varies," ",true,"lgbtq market,queer artists,shopping,community,toronto",2025-05-30T21:32:13.305Z,LGBTQ+ Market/Social,special_event,"Various locations, check social media for dates/locations",year-round,varies,special_event
sp733305_youngpeopl,Young People's Theatre (YPT),Canada's largest and oldest professional theatre for young audiences.," ","165 Front St E, Toronto",Theatre/Family,"Season typically Sept-May, check for any summer programming/workshops for 2025"," ",Book tickets in advance,Varies (typically 1-2 hrs),Theatrical productions and drama programs designed for children and youth.,Varies ($15-$50),https://www.youngpeoplestheatre.org/,Approx 10-15 mins,https://goo.gl/maps/YoungPeoplesTheatre,true,"theatre,family,children,youth,performing arts,toronto",2025-05-30T21:32:13.305Z,Theatre/Family,special_event,"165 Front St E, Toronto",year-round,varies,special_event
sp733305_comedybar,Comedy Bar,"Popular venue for stand-up, improv, and sketch comedy shows, featuring local and touring acts."," ",945 Bloor St W & 2800 Danforth Ave,Comedy/Show,"Nightly shows, year-round"," ",Tickets online or at door (adv recommended),~1-2 hrs per show,"Multiple comedy shows per night, bar on site.",Varies ($10-$30+),https://comedybar.ca/,Bloor: Approx 20-25 mins; Danforth: Approx 30-40 mins," ",true,"comedy,stand up,improv,sketch,live show,toronto",2025-05-30T21:32:13.305Z,Comedy/Show,special_event,945 Bloor St W & 2800 Danforth Ave,year-round,varies,special_event
sp733305_secondcity,Second City Toronto,Renowned improvisational and sketch comedy theatre and school.," ","One York Street, Toronto",Comedy/Show/Theatre,"Multiple shows weekly, year-round"," ",Book tickets in advance,~1.5-2 hrs per show,"Mainstage revues, touring company shows, improv sets, and workshops.",Varies ($30-$60+),https://www.secondcity.com/toronto/,Approx 5-10 mins,https://goo.gl/maps/SecondCityOneYork,true,"comedy,sketch,improv,theatre,toronto",2025-05-30T21:32:13.305Z,Comedy/Show/Theatre,special_event,"One York Street, Toronto",year-round,varies,special_event
sp733305_gladstoneh,Gladstone House - Melody Bar / Events,"Boutique hotel with a bar (Melody Bar) that often hosts live music, DJ nights, drag events, and other social gatherings. Check their specific LGBTQ+ friendly events."," ","1214 Queen St W, Toronto",Social/Music/LGBTQ+ Friendly,Check event schedule (year-round)," ","Some events ticketed, some free entry",Varies per event,"Live music, DJ sets, drag brunches/shows, art events, social nights.",Varies (free entry to $50+ for special events),https://www.gladstonehouse.ca/toronto-bar-events/,Approx 20-30 mins,https://goo.gl/maps/GladstoneHouse,true,"live music,dj,drag,social,hotel bar,toronto,queen west",2025-05-30T21:32:13.305Z,Social/Music/LGBTQ+ Friendly,special_event,"1214 Queen St W, Toronto",year-round,varies,special_event
sp733305_therivoli,The Rivoli,"Multi-level venue with restaurant, bar, and upstairs performance space hosting live music, comedy, and other events."," ","334 Queen St W, Toronto",Music/Comedy/Show,Nightly events (check schedule)," ",Tickets usually at door or online,Varies per event,"Indie bands, comedy shows, spoken word, book launches, DJ nights.",Varies ($10-$30+),https://rivoli.ca/,Approx 10-15 mins,https://goo.gl/maps/RivoliToronto,true,"live music,comedy,indie venue,queen west,toronto",2025-05-30T21:32:13.305Z,Music/Comedy/Show,special_event,"334 Queen St W, Toronto",year-round,varies,special_event
sp733305_dancemaker,Dance Makers,"Centre for contemporary dance, offering performances, workshops, and residencies."," ","15 Case Goods Lane, Distillery District, Toronto",Dance/Performance,Check season schedule for performances & workshops," ","Register for workshops, book tickets for shows",Varies,"Contemporary dance performances by local and national artists, dance classes and workshops for various levels.",Performance tickets ~$20-40; workshop fees vary.,https://dancemakers.org/,Approx 15-25 mins,https://goo.gl/maps/DanceMakersDistillery,true,"dance,contemporary dance,performance,workshop,distillery district,toronto",2025-05-30T21:32:13.305Z,Dance/Performance,special_event,"15 Case Goods Lane, Distillery District, Toronto",year-round,varies,special_event
sp733305_tosketchfe,TOsketchfest - Toronto Sketch Comedy Festival (if dates align with summer),"Annual festival celebrating scripted sketch comedy. (Main festival typically March, but check for any summer showcases or activities for 2025)"," ",Various venues in Toronto,Comedy Festival/Show,Typically March (check for summer 2025 events)," ",Festival passes/individual tickets on sale prior to festival,Varies per show; festival spans ~12 days,Showcases of sketch comedy troupes from Toronto and around the world.,"Varies (single tickets ~$15-25, passes available)",https://www.torontosketchfest.com/,Varies by venue," ",true,"sketch comedy,comedy festival,toronto",2025-05-30T21:32:13.305Z,Comedy Festival/Show,special_event,Various venues in Toronto,year-round,varies,special_event
sp733305_thebeaver,"The Beaver ","Queer-friendly bar and restaurant in West Queen West known for its laid-back vibe, DJ nights, and drag events."," ","1192 Queen St W, Toronto",LGBTQ+ Social/Bar/DJ,"Nightly, check for specific events"," ","Usually no cover, some special events might",Evening hours,"DJ nights (house, disco, etc.), drag performances, art events, casual hangout spot.",No cover to $15+ (for special events)," (Search ""The Beaver Toronto"" on social media, e.g. Instagram @thebeavertoronto)",Approx 20-30 mins,https://goo.gl/maps/TheBeaverToronto,true,"lgbtq bar,queer friendly,dj,drag,queen west,toronto",2025-05-30T21:32:13.305Z,LGBTQ+ Social/Bar/DJ,special_event,"1192 Queen St W, Toronto",year-round,varies,special_event
sp733305_yesyesyall,Yes Yes Y'all (YYY),"QTBIPOC-focused and allies-inclusive dance party, known for its high-energy atmosphere and diverse music (dancehall, soca, afrobeat, hip-hop)."," ","Various venues (often El Mocambo or larger clubs, check listings)",Gay Party/Social,Monthly or bi-monthly (check schedule for 2025)," ","Tickets often sell out, buy in advance","~4-6 hours (e.g., 10 PM - 4 AM)","DJ sets, dancing, community space for QTBIPOC individuals and allies.",~$20-35," (Search ""Yes Yes Y'all Toronto"" on Instagram or Facebook)",Varies by venue," ",true,"qtbipoc,lgbtq party,dance,soca,dancehall,afrobeat,toronto",2025-05-30T21:32:13.305Z,Gay Party/Social,special_event,"Various venues (often El Mocambo or larger clubs, check listings)",year-round,varies,special_event
sp733305_bitchcraft,Bitch Craft (Recurring Market/Social),"Queer & Feminist art, craft, and vintage market. Often includes tarot readings, DJs, and social elements."," ","Various venues (e.g., community centres, bars with event space). Check social media.",LGBTQ+ Market/Social/Craft Fair,"Periodic (e.g., quarterly or seasonal, check for Summer 2025 dates)"," ",N/A (free entry to browse),"Typically a few hours (e.g., afternoon/early evening)","Shopping for unique goods from queer and feminist creators, tarot, DJs, community atmosphere.",Free entry (cost of purchases)," (Search ""Bitch Craft Toronto"" on Instagram or Facebook for current events)",Varies by venue," ",true,"lgbtq market,queer artists,feminist art,craft fair,social,toronto",2025-05-30T21:32:13.305Z,LGBTQ+ Market/Social/Craft Fair,special_event,"Various venues (e.g., community centres, bars with event space). Check social media.",year-round,varies,special_event
sp733250_dragshowsa,"Drag Shows at The Drink, Crews & Tangos, Glad Day Bookshop, etc.",Various bars and venues in the Church-Wellesley Village and beyond host regular drag shows.," ","Church-Wellesley Village (e.g., The Drink, Crews & Tangos) and other venues",special events,Weekly/multiple times a week at many venues," ",Often no cover or small cover at door; some special events ticketed,~1-3 hours per show,"Drag performances by local queens (lip-sync, comedy, dance).",Free to $20+ (plus tips for performers),"(Check venue websites/social media: @thedrinktoronto, @crewsandtangos, @gladdaybookshop)",Church-Wellesley Village is central," ",true,"drag show,lgbtq performance,drag queen,nightlife,toronto",2025-05-30T21:32:13.250Z,special events,special_event,"Church-Wellesley Village (e.g., The Drink, Crews & Tangos) and other venues",year-round,varies,special_event
,,,"https://source.unsplash.com/random/?undefined,event",,,,,,,,,,,,false,,,,special_event,,year-round,varies,special_event